name,freq,perc
storage.googleapis.com,216,0.2288135593220339
www.gstatic.com,191,0.20233050847457626
cdn.onesignal.com,34,0.036016949152542374
app.najva.com,32,0.03389830508474576
notifpush.com,29,0.03072033898305085
aswpsdkus.com,26,0.02754237288135593
aswpsdkeu.com,23,0.024364406779661018
js.appboycdn.com,22,0.023305084745762712
ssl.widgets.webengage.com,16,0.01694915254237288
cdn.izooto.com,15,0.015889830508474576
vtex.vtexassets.com,14,0.014830508474576272
image.sendsay.ru,14,0.014830508474576272
cdn.moengage.com,14,0.014830508474576272
cdn.pushwoosh.com,13,0.013771186440677966
cdn.viafoura.net,9,0.009533898305084746
pushpad.xyz,8,0.00847457627118644
s-eu-1.pushpushgo.com,8,0.00847457627118644
g.alicdn.com,8,0.00847457627118644
cdn.qgraph.io,7,0.007415254237288136
assets.emarsys.net,7,0.007415254237288136
cdn.krakenoptimize.com,7,0.007415254237288136
cdn.retailrocket.ru,7,0.007415254237288136
abservinean.com,7,0.007415254237288136
ocdn.eu,6,0.006355932203389831
www.youtube.com\,6,0.006355932203389831
trk-egestas.com,6,0.006355932203389831
web-sdk.urbanairship.com,5,0.005296610169491525
via.batch.com,5,0.005296610169491525
unpkg.com,5,0.005296610169491525
ue.user.com,5,0.005296610169491525
cdnp.notifyvisitors.com,5,0.005296610169491525
s3-eu-west-1.amazonaws.com,5,0.005296610169491525
nt.smartclick.net,4,0.00423728813559322
cdnt.netcoresmartech.com,4,0.00423728813559322
asset.kompas.com,4,0.00423728813559322
pushtoast-a.akamaihd.net,4,0.00423728813559322
avivid.likr.tw,4,0.00423728813559322
cdn.jsdelivr.net,4,0.00423728813559322
cdn.p-n.io,4,0.00423728813559322
secureanalytic.com,4,0.00423728813559322
cdn.mobify.com,4,0.00423728813559322
api.pushnami.com,3,0.0031779661016949155
cdn-jp.gsecondscreen.com,3,0.0031779661016949155
s.pximg.net,2,0.00211864406779661
teja9.kuikr.com,2,0.00211864406779661
api.mindbox.ru,2,0.00211864406779661
mailzila.com,2,0.00211864406779661
localhost:8443,2,0.00211864406779661
lf3-static.bytednsdoc.com,2,0.00211864406779661
ntm.netmera-web.com,2,0.00211864406779661
d2r1yp2w7bby2u.cloudfront.net,2,0.00211864406779661
push.getback.ch,2,0.00211864406779661
assets.alicdn.com,2,0.00211864406779661
ikemen-factory.com,2,0.00211864406779661
pushworld2.xyz,2,0.00211864406779661
gazoku.com,2,0.00211864406779661
trk-consulatu.com,2,0.00211864406779661
www.thesaturdaypaper.com.au,2,0.00211864406779661
widgets.in.webengage.com,2,0.00211864406779661
www.tiket.com,2,0.00211864406779661
di5.biz,2,0.00211864406779661
static-eu.cleverpush.com,2,0.00211864406779661
cdn.pushalert.co,2,0.00211864406779661
api.exponea.com,2,0.00211864406779661
secure-sw.com,2,0.00211864406779661
cdn.wostatic.cn,2,0.00211864406779661
www.vietnamworks.com,2,0.00211864406779661
media.aws.alkomprar.com,2,0.00211864406779661
static.fanplayr.com,2,0.00211864406779661
www.boutir.com,1,0.001059322033898305
static1.intrack.ir,1,0.001059322033898305
a5.behance.net,1,0.001059322033898305
qsc.cf2.quoracdn.net,1,0.001059322033898305
pushimages.notifyvisitors.com,1,0.001059322033898305
di6367dava8ow.cloudfront.net,1,0.001059322033898305
tracking.recommend.pro,1,0.001059322033898305
browork3er.cc,1,0.001059322033898305
gw.alipayobjects.com,1,0.001059322033898305
passculture.app,1,0.001059322033898305
poponik.com,1,0.001059322033898305
resources.whatwg.org,1,0.001059322033898305
wpsw.listrak.com,1,0.001059322033898305
cdn.huijiwiki.com,1,0.001059322033898305
static.bravotube.net,1,0.001059322033898305
mimg.127.net,1,0.001059322033898305
static.gazeta.ru,1,0.001059322033898305
cdn.truenotify.co.in,1,0.001059322033898305
www.rmf.fm,1,0.001059322033898305
static.cleverpush.com,1,0.001059322033898305
push.savecart.pl:8099,1,0.001059322033898305
www.quikr.com,1,0.001059322033898305
van.najva.com,1,0.001059322033898305
stb.aeplcdn.com,1,0.001059322033898305
s0.nxstatic.com,1,0.001059322033898305
pwrkr.s3.amazonaws.com,1,0.001059322033898305
s3.amazonaws.com,1,0.001059322033898305
cdn.ing.de,1,0.001059322033898305
prothom-alo.pushengage.com,1,0.001059322033898305
static.bravoporn.com,1,0.001059322033898305
static.growthrx.in,1,0.001059322033898305
fcmapi.amarujala.com,1,0.001059322033898305
ntv-static.cdnvideo.ru,1,0.001059322033898305
cdn.dancf.com,1,0.001059322033898305
www.dtnext.in,1,0.001059322033898305
www.theceo.in,1,0.001059322033898305
cdn.by.wonderpush.com,1,0.001059322033898305
c.staticblitz.com,1,0.001059322033898305
dbfukofby5ycr.cloudfront.net,1,0.001059322033898305
moshaveranco.com,1,0.001059322033898305
faststrip.apester.com,1,0.001059322033898305
www.sinceindependence.com,1,0.001059322033898305
static.edgeme.sh,1,0.001059322033898305
allmoviesforyou.net,1,0.001059322033898305
cdn.feedify.net,1,0.001059322033898305
awsstatic-sothebys-production.gtsstatic.net,1,0.001059322033898305
api.azure-gallery.net,1,0.001059322033898305
www.techjunkie.com,1,0.001059322033898305
wellplated.pushengage.com,1,0.001059322033898305
path-to-your-sw-with-precaching,1,0.001059322033898305
cdn-swisscom.push.delivery,1,0.001059322033898305
notix.io,1,0.001059322033898305
www.soy502.com,1,0.001059322033898305
ajkerpatrika.pushengage.com,1,0.001059322033898305
youthmagazine.tn,1,0.001059322033898305
theconstructor.pushengage.com,1,0.001059322033898305
static.mparticle.com,1,0.001059322033898305
www.clarks.eu,1,0.001059322033898305
popup.digipush.io,1,0.001059322033898305
adamtheautomator.com,1,0.001059322033898305
peethobo.com,1,0.001059322033898305
www.clicrbs.com.br,1,0.001059322033898305
cdn.ampproject.org,1,0.001059322033898305
push.esputnik.com,1,0.001059322033898305
static.treebo.com,1,0.001059322033898305
api.push-ad.com,1,0.001059322033898305
maghoutwell.com,1,0.001059322033898305
engelhorn.app.baqend.com,1,0.001059322033898305
static.box3.codemao.cn,1,0.001059322033898305
content.dmart.in,1,0.001059322033898305
cdn.segmentify.com,1,0.001059322033898305
cdn2.bildirt.com,1,0.001059322033898305
cdn.rocket-push.com,1,0.001059322033898305
xxxxx.com,1,0.001059322033898305
pcdn.dengage.com,1,0.001059322033898305